O43155	O43155
O43866	O43866
O75629	O75629
O94985	O94985
P01579	P01579
P02649	P02649
P02649	P18649
P02649	P18650
P02743	P02743
P02743	P02741
P02743	P02742
P02743	Q9PTT2
P02743	Q07203
P02774	P02774
P02774	P04276
P02774	P21614
P04062	P04062
P04275	P04275
P04844	P04844
P06028	P06028
P06028	P02724
P06028	P02727
P06865	P06865
P07359	P07359
P13671	P13671
P13686	P13686
P13686	P29288
P16112	P16112
P16112	P07897
P16112	Q29011
P16150	P16150
P18510	P18510
P19438	P19438
P21128	P21128
P28039	P28039
P28335	P28335
P36897	P36897
P36897	P37173
P40259	P40259
P47710	P47710
P47710	P18626
P47710	P02662
P47710	P04653
P49767	P49767
P50895	P50895
P50895	P43121
P52798	P52798
P52798	P20827
P55000	P55000
P80188	P80188
P80188	P21760
P80188	Q01584
P80188	P22057
P80188	P41222
P80188	O02853
P98066	P98066
Q01151	Q01151
Q02083	Q02083
Q02747	Q02747
Q03405	Q03405
Q13162	Q13162
Q14392	Q14392
Q14802	Q14802
Q14802	Q61835
Q14802	P56513
Q14802	Q91XV6
O14791	O14791
O76076	O76076
O76076	Q16270
O76076	Q96I82
O76076	P48745
O95633	O95633
O95633	P31515
O95633	P19883
O95633	P10669
P01033	P01033
P01033	P30120
P01033	P35625
P01033	P26652
P01033	P16035
P01033	P16368
P01033	P30121
P01148	P01148
P01148	P37042
P01148	P49921
P01148	P51918
P01148	P51925
P01148	P43306
P01148	P51919
P01588	P01588
P02760	P02760
P02763	P02763
P04196	P04196
P05113	P05113
P07602	P07602
P08069	P08069
P08069	P06213
P08514	P08514
P08514	P08648
P08514	P80746
P08514	P06756
P10163	P10163
P10163	P04280
P11021	P11021
P11021	P20029
P11150	P11150
P11150	P06858
P11150	P11151
P11150	P54318
P11150	Q64424
P11150	P27657
P11150	P06857
P11150	A2VBC4
P11150	P97535
P14209	P14209
P15018	P15018
P15018	P09056
P16144	P16144
P20062	P20062
P20062	Q9XSC9
P24821	P24821
P26010	P26010
P26010	P26011
P26010	P80747
P28906	P28906
P28906	Q28270
P29320	P29320
P29320	P54762
P29320	O15197
P29320	Q02763
P29320	P35590
P29459	P29459
P31025	P31025
P48307	P48307
P48307	P10646
P51460	P51460
P51460	O77801
P54803	P54803
P56202	P56202
P60568	P60568
P61916	P61916
P61916	O97763
P61916	P61917
Q01638	Q01638
Q01638	P13504
Q07092	Q07092
Q07654	Q07654
Q07654	P04155
Q08334	Q08334
Q5UCC4	Q5UCC4
Q6UW56	Q6UW56
Q8NC67	Q8NC67
Q8TD06	Q8TD06
Q8TD06	O95994
Q8TD06	O95881
Q8TDQ1	Q8TDQ1
Q8TDQ1	Q6UXG3
Q8WUJ3	Q8WUJ3
Q92765	Q92765
Q969P0	Q969P0
Q969Z4	Q969Z4
Q96AP7	Q96AP7
Q96BF3	Q96BF3
Q96LA5	Q96LA5
Q99935	Q99935
Q99969	Q99969
Q9BWV1	Q9BWV1
Q9BX74	Q9BX74
Q9BXJ3	Q9BXJ3
Q9BXJ3	Q9BXI9
Q9BXJ3	Q3Y5Z3
Q9BXJ3	Q15848
Q9BXJ3	Q60994
Q9BXJ3	Q9BXJ0
Q9BXJ3	P31722
Q9BXJ3	P02747
Q9BXJ3	P02746
Q9BXJ3	P08125
Q9BXJ3	P83371
Q9BXJ3	Q06575
Q9BXJ3	Q06576
Q9BXJ3	Q06577
Q9BXJ3	P31720
Q9BXJ3	P02745
Q9H5V8	Q9H5V8
Q9NPR2	Q9NPR2
Q9NPR2	Q9H3T3
Q9NQ25	Q9NQ25
Q9NRM6	Q9NRM6
Q9NS68	Q9NS68
Q9NSA1	Q9NSA1
Q9NSA1	O95750
Q9NSA1	Q9GZV9
Q9NSA1	P21781
Q9NZ53	Q9NZ53
Q9P0V8	Q9P0V8
Q9P246	Q9P246
Q9P2K2	Q9P2K2
Q9UBN6	Q9UBN6
Q9UBN6	O14763
Q9UBN6	O14798
Q9UNE0	Q9UNE0
O00206	O00206
O14786	O14786
O43278	O43278
O43291	O43291
O60609	O60609
O60844	O60844
O75462	O75462
O95715	O95715
P00450	P00450
P00450	Q7SZN0
P01137	P01137
P01350	P01350
P01591	P01591
P02810	P02810
P02814	P02814
P02814	P13432
P05160	P05160
P07204	P07204
P09486	P09486
P09486	P16975
P09486	P07214
P09486	P13213
P09486	P20112
P10124	P10124
P11215	P11215
P11215	P05555
P11215	P20702
P11215	P24063
P11215	P38570
P11717	P11717
P13611	P13611
P14625	P14625
P17301	P17301
P17813	P17813
P18428	P18428
P18428	P17454
P18428	P17213
P19320	P19320
P20333	P20333
P22894	P22894
P22894	P28053
P22894	P08253
P22894	P33436
P22894	Q90611
P22894	P45452
P22894	P09237
P22894	P14780
P25116	P25116
P25311	P25311
P25311	Q95460
P25311	P01899
P25311	P04439
P25311	P01889
P25311	P01902
P25311	P01900
P25311	P01901
P32004	P32004
P32004	P22063
P32004	Q02246
P32004	P20241
P32004	O42414
P32004	P35331
P34998	P34998
P34998	Q16602
P34998	P30988
P51688	P51688
P52823	P52823
P55083	P55083
P55083	O43827
P55083	Q9U8W8
P55083	Q9U8W7
P55083	Q9Y5C1
P55083	O00602
P55083	O75636
P55083	Q08830
P55083	P02675
P55083	O70165
P55083	P12799
P55083	P02679
P55083	Q7ZT75
P55899	P55899
P55899	P13599
P81605	P81605
Q08380	Q08380
Q13145	Q13145
Q13231	Q13231
Q13231	Q91XA9
Q13231	O35744
Q13231	Q95M17
Q13231	Q91Z98
Q13231	Q60557
Q13231	P0CB51
Q13231	Q29411
Q13231	P36222
Q13231	P30922
Q13231	Q8SPQ0
Q13445	Q13445
Q13651	Q13651
Q14210	Q14210
Q14210	P05533
Q15768	Q15768
Q15768	P98172
Q16552	Q16552
Q16552	Q96PD4
Q6E0U4	Q6E0U4
Q6UXB2	Q6UXB2
Q8N441	Q8N441
Q8N766	Q8N766
Q8TC27	Q8TC27
Q8TC27	Q63180
Q8TCT8	Q8TCT8
Q8TCT8	Q8IUH8
Q8TCT8	Q8TCT7
Q92643	Q92643
Q92643	Q99538
Q969H8	Q969H8
Q96BY9	Q96BY9
Q96F46	Q96F46
Q96HE7	Q96HE7
Q99519	Q99519
Q9BX59	Q9BX59
Q9BXJ7	Q9BXJ7
Q9BZR6	Q9BZR6
Q9H6E4	Q9H6E4
Q9HBE5	Q9HBE5
Q9NPA0	Q9NPA0
Q9NQ34	Q9NQ34
Q9UHF4	Q9UHF4
Q9UIK5	Q9UIK5
Q9UKZ9	Q9UKZ9
Q9Y251	Q9Y251
Q9Y279	Q9Y279
F1N5C8	F1N5C8
F1N5C8	P84039
F1N5C8	Q6UWV6
F1N5C8	Q64610
F1N5C8	W8E7D1
P01131	P01131
P02702	P02702
P0CX77	P0CX77
P0CX77	P0CZ17
P0CX77	P0CX79
P0CX77	P0CX78
P10493	P10493
P10493	Q14112
P10820	P10820
P12024	P12024
P14630	P14630
P16636	P16636
P21956	P21956
P30919	P30919
P30919	P20933
P31096	P31096
P31096	P08721
P32478	P32478
P32478	Q03180
P32478	P47001
P32478	Q03178
P41543	P41543
P42264	P42264
P43497	P43497
P48439	P48439
P53616	P53616
Q00954	Q00954
Q01965	Q01965
Q08481	Q08481
Q28173	Q28173
Q61885	Q61885
Q61885	Q63345
Q61885	P55803
Q62192	Q62192
Q62192	Q99467
Q64385	Q64385
Q64385	P08887
Q7KRU8	Q7KRU8
Q7KRU8	A0A7E5WTY7
Q7KRU8	P41822
Q7TQN3	Q7TQN3
Q8BHP7	Q8BHP7
Q8BHP7	Q3V1G4
Q8BPM6	Q8BPM6
Q8BSU2	Q8BSU2
Q8RUW5	Q8RUW5
Q8RUW5	P08818
Q8RUW5	P10619
Q8SXL2	Q8SXL2
Q8T1G4	Q8T1G4
Q91XZ4	Q91XZ4
Q91XZ4	Q91XZ2
Q91XZ4	Q9UN67
Q91XZ4	Q9Y5H9
Q94K85	Q94K85
Q94K85	Q9GZM7
Q94K85	P80067
Q94K85	P53634
Q94K85	P06797
Q94K85	P07154
Q94K85	P08176
Q94K85	P15242
Q94K85	Q26636
Q99372	Q99372
Q9D6Y1	Q9D6Y1
Q9ES58	Q9ES58
Q9GL30	Q9GL30
Q9GL30	Q8NHP8
O55038	O55038
P00635	P00635
P00635	P34754
P01027	P01027
P01027	P01024
P01027	I2C090
P01027	P12387
P04925	P04925
P04925	P10279
P04925	P27177
P04937	P04937
P04937	P02751
P07507	P07507
P07507	Q800Y2
P08505	P08505
P08505	P05231
P12729	P12729
P16382	P16382
P16882	P16882
P17164	P17164
P17697	P17697
P17697	P05371
P17697	P10909
P18181	P18181
P20826	P20826
P20826	P21581
P32803	P32803
P45478	P45478
P54837	P54837
P54837	P49755
P80109	P80109
Q05359	Q05359
Q05359	Q5I0E7
Q12127	Q12127
Q28143	Q28143
Q28143	Q63373
Q28143	Q63376
Q61508	Q61508
Q61508	Q62894
Q63617	Q63617
Q8C1Q4	Q8C1Q4
Q968Z6	Q968Z6
Q968Z6	Q7YSJ4
Q9LXD6	Q9LXD6
Q9SU40	Q9SU40
O08795	O08795
O08795	P14314
O35310	O35310
O88917	O88917
P00724	P00724
P00724	Q96TU3
P01139	P01139
P02466	P02466
P05059	P05059
P05059	P10645
P05059	P10354
P06332	P06332
P06332	P01730
P07727	P07727
P11590	P11590
P11590	P02761
P11590	P81608
P11590	Q28388
P19137	P19137
P19137	Q60675
P19427	P19427
P23389	P23389
P23389	O35314
P23389	P05060
P25236	P25236
P27654	P27654
P28798	P28798
P28798	P28797
P32472	P32472
P32472	O60046
P32472	Q9NWM8
P32472	Q41649
P38574	P38574
P47178	P47178
P48765	P48765
P51868	P51868
P51868	P19633
P51868	O09165
P51868	P07221
P51868	P12637
P51868	P31235
P51868	P31231
P51868	P19204
P54660	P54660
P54900	P54900
P54900	Q96IQ7
Q01129	Q01129
Q01129	P47853
Q05928	Q05928
Q12396	Q12396
Q12396	P43555
Q556R7	Q556R7
Q61789	Q61789
Q61789	Q61001
Q6IUU3	Q6IUU3
Q6QD51	Q6QD51
Q71DJ5	Q71DJ5
Q71DJ5	P80035
Q71DJ5	P38571
Q71DJ5	P07098
Q71DJ5	P04634
Q71DJ5	Q3YBN2
Q8H8C7	Q8H8C7
Q8VCS0	Q8VCS0
Q8VCS0	Q96PD5
Q9ERQ6	Q9ERQ6
Q9ERQ6	Q9DF69
Q9N4D8	Q9N4D8
Q9NAX4	Q9NAX4
Q9R1T7	Q9R1T7
Q9Z0K8	Q9Z0K8
B8JLQ9	B8JLQ9
B8JLQ9	Q8IVL8
B8JLQ9	P09955
B8JLQ9	P15086
B8JLQ9	P09954
B8JLQ9	P15085
B8JLQ9	P00730
G5ED35	G5ED35
O13547	O13547
O35701	O35701
O35701	P05099
O54861	O54861
O88188	O88188
O88188	O95711
P00687	P00687
P00687	P00688
P00687	P00690
P00687	B0KZK1
P07141	P07141
P07141	P09603
P08796	P08796
P09470	P09470
P09470	P12821
P09470	P12820
P09470	P12822
P14925	P14925
P16235	P16235
P18761	P18761
P18761	P18915
P19324	P19324
P19324	P29457
P19324	P13731
P20068	P20068
P20068	P10673
P21570	P21570
P21570	P31346
P21570	P03950
P21570	P31347
P21570	P10152
P21570	P61823
P21570	P07998
P21570	P00684
P21570	P00669
P21570	P39873
P21570	Q9H1E1
P21570	P12724
P21570	P10153
P21570	P81649
P21570	P08904
P21570	P00683
P21570	P15468
P21570	P34096
P21570	P15467
P21570	P11916
P28319	P28319
P28825	P28825
P32802	P32802
P33767	P33767
P34115	P34115
P34115	P34116
P35053	P35053
P35053	P35052
P56722	P56722
Q02596	Q02596
Q02596	P81447
Q02596	P80195
Q02596	P15522
Q05895	Q05895
Q05895	P35441
Q5XM24	Q5XM24
Q62813	Q62813
Q62813	Q62718
Q62813	Q9P121
Q62813	Q9Z0J8
Q62867	Q62867
Q868Z9	Q868Z9
Q8WMP9	Q8WMP9
Q8WMP9	Q8NCC3
Q8WMP9	P04180
Q924B5	Q924B5
Q924B5	Q9JMI7
Q924B5	Q8N6Q3
Q99ML8	Q99ML8
Q9QYH7	Q9QYH7
Q9QYH7	Q9UBU3
Q9QYH7	Q9EQX0
Q9Z1K9	Q9Z1K9
A5HAK0	A5HAK0
O55232	O55232
P01830	P01830
P01830	P01831
P01888	P01888
P01888	P07151
P01888	P61769
P01888	P01887
P01888	P21611
P04639	P04639
P04639	P15497
P04639	P02647
P04639	P02648
P11438	P11438
P11438	P14562
P11438	P11279
P11438	P13473
P11438	P17046
P11654	P11654
P11911	P11911
P11911	P11912
P15247	P15247
P15261	P15261
P22388	P22388
P22388	P05305
P24807	P24807
P27773	P27773
P27773	P30101
P27773	P11598
P27773	P07237
P27773	P05307
P27773	P04785
P27773	P09102
P27773	P80284
P28088	P28088
P31836	P31836
P31836	P13595
P33487	P33487
P33487	P13689
P49259	P49259
P49259	O60449
P49259	Q60767
P55203	P55203
P61312	P61312
P81160	P81160
P81160	P05623
P83869	P83869
P97710	P97710
Q00657	Q00657
Q02795	Q02795
Q09098	Q09098
Q23997	Q23997
Q23997	Q8MLZ7
Q23997	Q9GV28
Q23997	Q8MM24
Q4V4I9	Q4V4I9
Q62598	Q62598
Q63372	Q63372
Q63372	Q07310
Q63415	Q63415
Q59Y31	Q59Y31
Q84UV8	Q84UV8
Q84UV8	Q16790
Q84UV8	P22748
Q84UV8	Q75N35
Q86LE5	Q86LE5
Q8X150	Q8X150
Q9LRC8	Q9LRC8
Q9TVX3	Q9TVX3
U6BLZ9	U6BLZ9
U6BLZ9	P42255
A0A0D1DWQ2	A0A0D1DWQ2
A0A7M6UMR7	A0A7M6UMR7
A6XMY0	A6XMY0
C0H9B6	C0H9B6
F1NSM7	F1NSM7
G4ZHR2	G4ZHR2
K9L4P7	K9L4P7
M1MR49	M1MR49
O18998	O18998
O18998	P24855
O18998	P00639
O18998	P11936
O18998	O42446
O42807	O42807
O42807	P61870
O64392	O64392
O64392	O64393
O64392	P02877
O76818	O76818
O76818	A8CL69
P0C8E7	P0C8E7
P0C8G6	P0C8G6
P10764	P10764
P10764	P01344
P10764	P01346
P10764	P07456
P30440	P30440
P30659	P30659
P45561	P45561
P45561	P02817
P45561	Q99217
P53366	P53366
P58154	P58154
P79208	P79208
P79208	P35355
P93484	P93484
Q00193	Q00193
Q00193	O54766
Q00193	Q62005
Q00193	O54767
Q00193	P20239
Q52085	Q52085
Q5AMT2	Q5AMT2
Q5AMT2	P15703
Q6IWZ0	Q6IWZ0
Q6IWZ0	Q17043
Q84ZX5	Q84ZX5
Q8GT41	Q8GT41
Q8GT41	P83326
Q8MMJ7	Q8MMJ7
Q8MMJ7	Q8MTX2
Q8MMJ7	C5J887
Q9NJ98	Q9NJ98
Q9NJ98	Q9NL89
Q9TY95	Q9TY95
A0A1S3PBB7	A0A1S3PBB7
A0A1S3PBB7	P01048
A0A1S3PBB7	P01042
A0A1S3PBB7	P01045
A6MEY4	A6MEY4
A6MEY4	G9I930
A6MEY4	P00615
A6MEY4	P04054
A6MEY4	P00593
A6MEY4	P00592
A6MEY4	P14555
A6MEY4	P14423
A6MEY4	P0CAS0
A6MEY4	P0CAR9
A6MEY4	C0HLL2
A6MEY4	Q9QXX3
A6MEY4	P23028
A6MEY4	P00616
A6MEY4	Q6H3D6
A6MEY4	Q6H3D7
A6MEY4	A8E2V8
A6MEY4	A8CG82
A6MEY4	A8CG86
A6MEY4	P00623
A6MEY4	P00625
A6MEY4	P00626
A6MEY4	P0DJN6
A6MEY4	P14424
A6MEY4	P17935
A6MEY4	P24027
A6MEY4	P45881
A6MEY4	P82114
A6MEY4	Q2HZ28
A6MEY4	Q2PWA3
A6MEY4	Q2YHJ2
A6MEY4	Q71QE8
A6MEY4	F8QN53
A6MEY4	O57385
A6MEY4	P0DJJ9
A6MEY4	P0DJN7
A6MEY4	P20474
A6MEY4	Q2YHJ3
A6MEY4	Q2YHJ7
A6MEY4	Q8QG87
A6MEY4	A0A411EZW9
A6MEY4	A8CG78
A6MEY4	F8QN54
A6MEY4	P49121
A6MEY4	P80963
A6MEY4	Q6EER2
A6MEY4	Q7ZTA7
A6MEY4	Q7ZTA8
A6MEY4	A4VBF0
A6MEY4	P00624
A6MEY4	P08878
A6MEY4	P11407
A6MEY4	P24605
A6MEY4	P31100
A6MEY4	Q1RP78
A6MEY4	Q6H3C8
A6MEY4	Q6H3D0
A6MEY4	Q7ZTA6
A6MEY4	Q800C4
A6MEY4	Q8AXY1
A6MEY4	Q90W39
A6MEY4	C0HKC3
A6MEY4	P06859
A6MEY4	P62022
A6MEY4	P62023
A6MEY4	Q02471
A6MEY4	Q1RP79
A6MEY4	Q2YHJ6
A6MEY4	Q6EER4
A6MEY4	Q6JK69
A6MEY4	Q7T2R1
A6MEY4	Q805A2
A6MEY4	Q90249
A6MEY4	C0HKC2
A6MEY4	P0DJJ8
A6MEY4	P34180
A6MEY4	Q8UVU7
A6MEY4	A8CG90
A6MEY4	P20476
A6MEY4	Q2YHJ4
A6MEY4	Q2YHJ9
A6MEY4	Q3HLQ4
A6MEY4	Q6H3D2
A6MEY4	Q90Y77
A6MEY4	Q98996
A6MEY4	A8CG89
A6MEY4	B5U6Y4
A6MEY4	B5U6Z2
A6MEY4	D0UGJ0
A6MEY4	Q6H3C7
A6MEY4	Q8UVZ7
A6MEY4	P31854
A6MEY4	Q1ZY03
A6MEY4	Q2PG81
A6MEY4	Q6H3D3
A6MEY4	Q6H3D5
A6MEY4	Q8JIY9
A6MEY4	P70090
A6MEY4	Q2YHJ8
A6MEY4	Q6H3D4
A6MEY4	Q9PVF4
C0HKM3	C0HKM3
H6U1I8	H6U1I8
O01949	O01949
P01165	P01165
P01165	P12961
P01165	P05408
P01168	P01168
P01168	P60042
P01168	P01170
P01297	P01297
P05117	P05117
P05117	P26216
P05117	Q00293
P0DL37	P0DL37
P13806	P13806
P14448	P14448
P14448	P06399
P14448	P02671
P14448	P02672
P19425	P19425
P20507	P20507
P20507	P24258
P23631	P23631
P27731	P27731
P27731	P02766
P27731	P02767
P27731	B7ZS96
P27731	O55245
P27731	P31779
P27731	P49141
P27731	O46654
P27731	Q29616
P29026	P29026
P29026	P29027
P29026	P29029
P29026	P29060
P29026	P23472
P29241	P29241
P29241	Q64277
P29241	Q10588
P30986	P30986
P30986	A6P6V9
P30986	Q8GTB6
P42098	P42098
P42098	P21754
P42098	P10761
P42098	P79762
P49256	P49256
P49256	P49257
P52706	P52706
P81058	P81058
Q27309	Q27309
Q3L1D1	Q3L1D1
Q3L1D1	Q3L245
Q3L1D1	V5NC32
Q4WL81	Q4WL81
Q59XX2	Q59XX2
Q76IQ4	Q76IQ4
Q76IQ4	Q8JFY4
Q8ISL8	Q8ISL8
Q8J0K5	Q8J0K5
Q8J0K5	Q9HE18
Q8J0K5	B8M9H9
Q8J0K5	Q2PGY1
Q8J0K5	W0HJ53
Q8J0K5	P33557
Q8J0K5	Q9HGE1
Q8MMH3	Q8MMH3
Q8MP06	Q8MP06
Q8WP90	Q8WP90
Q8WPJ2	Q8WPJ2
Q95P90	Q95P90
Q95P90	P84809
Q9XSW3	Q9XSW3
Q9XSW3	P11226
Q9XSW3	P23805
Q9XSW3	P35248
Q9XSW3	P19999
Q9XSW3	P39039
Q9XSW3	Q5U9S1
Q9XSW3	O75596
Q9XSW3	P05452
Q9XSW3	P06908
Q9XYT4	Q9XYT4
A0A5C2A2T2	A0A5C2A2T2
C9K4X8	C9K4X8
F1RRV3	F1RRV3
I3LGZ3	I3LGZ3
I3LGZ3	Q6UWK7
O18330	O18330
O18330	O77061
O18330	Q17060
O80323	O80323
O96935	O96935
P02701	P02701
P09230	P09230
P09230	Q8NBP7
P15226	P15226
P15226	P56612
P15226	P0C1X7
P15226	P0DMM8
P15226	P84693
P15226	C9X4J9
P15226	C9X4K1
P15226	P56611
P15226	P84810
P15226	C0HJM9
P15226	Q26292
P15226	P19855
P15226	Q9XY87
P15226	Q95WX6
P15226	P15228
P15226	P24336
P15226	E7CLP2
P15226	P60214
P15226	Q9NBW2
P15226	P18926
P15226	P60266
P15226	P01492
P15226	B7FDP2
P15226	P45663
P15226	P01494
P15226	P45662
P15226	P01493
P15226	P59899
P15226	Q4LCS9
P15226	Q4LCT0
P15226	P0C292
P15226	P0C293
P15226	Q4LCS8
P15226	F1CGT6
P15226	P60215
P15226	P60212
P15226	P60213
P15226	Q2NME3
P15226	C9X4J8
P15226	Q9UAC9
P15226	Q9UAC8
P15226	P86406
P15226	E7BLC7
P15226	B7SNV8
P15226	E7D082
P15226	P86404
P15226	P86405
P15226	P01479
P15226	P45658
P15226	P01480
P15226	Q86SE1
P15226	P15223
P15226	P01491
P15226	P84688
P15226	P84685
P15226	Q8WRY4
P15226	C9X4K4
P15226	C9X4K7
P15226	Q86SD9
P15226	Q86SE0
P15226	O61705
P15226	P01484
P15226	P17728
P15226	P45697
P15226	P86408
P15226	Q7YXD3
P15226	Q4TUA4
P15226	Q56TT9
P15226	P86403
P19069	P19069
P56201	P56201
P81054	P81054
P81383	P81383
P81383	Q96RQ9
P81383	J7H670
P81383	O93364
P81383	P0CC17
P81383	A8QL52
P81383	G8XQX1
P81383	P56742
P81383	Q6STF1
P81383	Q6TGQ8
P81383	P81382
P81383	X2JCV5
P81383	Q90W54
P81383	F8S0Z5
Q1XG90	Q1XG90
Q1XG90	P83673
Q1XG90	B3A003
Q27082	Q27082
Q2ULM2	Q2ULM2
Q4W1I9	Q4W1I9
Q4W1I9	Q4W1I8
Q4W1I9	Q9XIV8
Q4W1I9	P00433
Q4W1I9	P84516
Q6DWK3	Q6DWK3
Q6DWK3	Q06703
Q86QT3	Q86QT3
Q9YH85	Q9YH85
Q9YH85	O08523
Q9ZT64	Q9ZT64
Q9ZT64	Q9SR37
Q9ZT64	E3W9M2
Q9ZT64	A3RF67
Q9ZT64	Q6UWM7
A0A1L6K371	A0A1L6K371
A0A1L6K371	Q9ZWA9
A0A1L6K371	Q96318
A0A1L6K371	P04405
A0A1L6K371	P13744
A0A1L6K371	P07728
A0A1L6K371	P07730
A0A482A9N4	A0A482A9N4
B0XT72	B0XT72
B0XT72	P22146
E0D877	E0D877
E0D877	Q05927
E0D877	P21589
E0D877	P21588
I1SB12	I1SB12
I1SB12	Q6PW77
O61668	O61668
O61668	P56637
P01500	P01500
P01500	P01499
P0DKU2	P0DKU2
P17715	P17715
P17715	P81025
P17715	P01308
P17715	P01326
P17715	P01325
P17715	P01323
P17715	P01322
P17715	P01317
P17715	P01315
P17715	P01321
P17715	P01329
P17715	P01313
P17715	P01311
P17715	P01318
P17715	P06306
P17715	P67970
P17715	P01342
P17715	P04667
P17715	P01335
P17715	P12706
P17715	P12707
P25291	P25291
P29022	P29022
P29022	P11218
P29022	Q05538
P29022	P24091
P29022	Q9FRV0
P29022	Q9FRV1
P29022	P93680
P29022	P86473
P29022	P21226
P29022	P06215
P29794	P29794
P29794	P01274
P31723	P31723
P67861	P67861
P67861	C0K3N1
P67861	P49763
P67861	P15691
P67861	P16612
P78581	P78581
P79263	P79263
P79263	Q14624
Q27908	Q27908
Q27908	Q9NL38
Q28989	Q28989
Q29486	Q29486
Q29486	P05186
Q29486	P08289
Q29486	P09487
Q29486	P15693
Q29486	P05187
Q29486	P09923
Q29486	P19111
Q29486	P51740
Q29486	P29523
Q55U20	Q55U20
Q7SZI7	Q7SZI7
Q7SZI7	P10745
Q05091	Q05091
Q05091	P58823
Q05091	P35334
Q1HAY7	Q1HAY7
Q29422	Q29422
Q2U4L7	Q2U4L7
Q5EPH2	Q5EPH2
Q5KQS1	Q5KQS1
Q5KQS1	Q9DGI0
Q5KQS1	P29695
Q5KQS1	Q5KQS4
Q5KQS1	P97515
Q5KQS1	P24090
Q5KQS1	P29701
Q5KQS1	P02765
Q5KQS1	P12763
Q6RG02	Q6RG02
Q8T9R8	Q8T9R8
Q94733	Q94733
Q94733	Q26241
Q94733	Q94734
Q94733	Q26239
Q95NJ8	Q95NJ8
Q9GU69	Q9GU69
Q9MYV1	Q9MYV1
Q9MYV1	P41547
O95157	O95157
Q6UWI4	Q6UWI4
Q6UWJ8	Q6UWJ8
Q6UWY5	Q6UWY5
Q6UWY5	Q99972
Q6XE38	Q6XE38
Q6XE38	O95968
Q6XE38	P02782
Q6XE38	P02781
Q6UW10	Q6UW10
Q9NRC9	Q9NRC9
Q9NRC9	Q16674
Q7Z5L0	Q7Z5L0
P01174	P01174
P01174	P19957
P01174	P03973
P01174	P97430
P01174	P16225
P01174	O46655
P01174	Q28631
Q8MJV4	Q8MJV4
Q9Z0M9	Q9Z0M9
Q9Z0M9	O95998
A9UGV5	A9UGV5
Q27967	Q27967
D3Z9M3	D3Z9M3
O62644	O62644
Q10ST8	Q10ST8
Q10ST8	P82900
Q6ASY2	Q6ASY2
P09586	P09586
P09586	P01237
P09586	P01238
P09586	P01236
P09586	P01239
P09586	P01240
P09586	P12420
P09586	P17572
P09586	P34207
P09586	P09318
P09586	P09584
P09586	P48096
P09586	P69130
P09586	P09585
P09586	P09319
P09586	P33579
P29421	P29421
P29421	P07596
P55955	P55955
Q653V7	Q653V7
Q653V7	Q9S7Y7
Q653V7	Q9C0Y4
Q653V7	P56526
Q653V7	P29064
Q653V7	Q8BHN3
Q6Z232	Q6Z232
A9UGV6	A9UGV6
A9UGV6	A9UGV7
P05367	P05367
P05367	P05366
P05367	P0DJI9
P05367	P0DJI8
P05367	P02740
P05367	P31532
P05367	P02739
P05367	P35541
P05367	P19707
P05367	P19708
P15270	P15270
P25068	P25068
P25068	P46168
P25068	P46162
P25068	P46163
P25068	P46165
P25068	P46169
P25068	A3RJ36
P25068	P81534
P81623	P81623
P81623	P30040
Q20224	Q20224
A0A023W145	A0A023W145
A0A023W145	A0A023W140
Q5B428	Q5B428
Q5WPZ4	Q5WPZ4
Q75WF2	Q75WF2
Q76CA2	Q76CA2
Q76FP5	Q76FP5
Q7SCE9	Q7SCE9
Q7SCE9	Q5B1W7
Q86SC0	Q86SC0
Q8I7X1	Q8I7X1
Q8I948	Q8I948
Q90W22	Q90W22
Q94637	Q94637
Q95NK7	Q95NK7
Q95NK7	Q9BKB4
Q95NK7	Q9BJX2
Q95NK7	Q7Z0H4
Q99013	Q99013
Q99013	P04002
Q9U8D1	Q9U8D1
Q9U8D1	Q9NJP7
Q9U8D1	Q9U8D2
Q9U8D1	P0CC12
Q9U8D1	C0HJQ5
B2NHN2	B2NHN2
E0XKJ9	E0XKJ9
E0XKJ9	P86875
E0XKJ9	P86100
L8BRS3	L8BRS3
L8BRS3	Q6ZBZ2
L8BRS3	Q9S8P4
L8BRS3	Q94EG3
L8BRS3	Q942A7
L8BRS3	Q6YZY5
L8BRS3	P09350
P01038	P01038
P01038	P19313
P01038	P09228
P01038	P01037
P01038	P01036
P01038	P28325
P01038	P01034
P01038	Q6T6T4
P01038	Q9H4G1
P01038	P35481
P01038	Q98967
P01068	P01068
P02809	P02809
P02809	P02808
P0DUS6	P0DUS6
P19594	P19594
P19594	Q6PSU2
P20656	P20656
P20656	P24476
P20656	P27559
P20656	Q40772
P20656	Q6EH50
P20656	P10297
P21828	P21828
P21828	Q26427
P24792	P24792
P24792	P14133
P25033	P25033
P25033	Q1HLC0
P26732	P26732
P26732	P26729
P26732	P26730
P26732	P80090
P26732	P25289
P34746	P34746
P34746	P01246
P34746	P67930
P34746	P01245
P34746	P10813
P34746	P01248
P34746	P0DML3
P34746	P01242
P34746	P01241
P34746	P0DML2
P34746	P33093
P34746	P34745
P34746	P08899
P34746	P10298
P34746	P10607
P34746	P20362
P34746	P21919
P69241	P69241
P69241	P30230
P69241	P30224
P69241	C0HL83
P69241	C0HL82
P79073	P79073
P79073	A0A3N2PQC3
P79073	P52753
P79073	Q06153
Q9PVW8	Q9PVW8
Q9SLP4	Q9SLP4
A0A1S6EK92	A0A1S6EK92
A0A1S6EK92	A0A1S6EK91
A0A1S6EK92	P85966
A4LAR6	A4LAR6
A4LAR6	P16933
A7L035	A7L035
A7L035	A7L036
F2QXM5	F2QXM5
P01364	P01364
P0DPZ2	P0DPZ2
P0DPZ2	P0DPV0
P0DPZ2	P0DPV1
P10562	P10562
P10562	A0A2I4E5L6
P10562	B8AL97
P10562	Q04672
P10562	P80463
P14214	P14214
P14214	P14213
P14946	P14946
P14946	Q41260
P14946	Q07154
P14946	P58738
P14946	B8PYF3
P14946	P0C1Y5
P14946	Q1ZYQ8
P22327	P22327
P22327	Q6J4Q1
P22327	A0A8U1C2Y4
P22327	A0A8U0WQF3
P25404	P25404
P25404	P81418
P26780	P26780
P31420	P31420
P45590	P45590
P49125	P49125
P58912	P58912
P80915	P80915
P80915	P83880
P83472	P83472
Q02942	Q02942
Q02942	P08582
Q02942	P19134
Q02942	P02787
Q02942	P02788
Q02942	P24627
Q02942	P14632
Q02942	K9IMD0
Q02942	P12346
Q02942	P02789
Q02942	P80426
Q02942	P80429
Q02942	P31226
Q02942	P22297
Q02942	Q26643
Q6IV20	Q6IV20
Q6T6C2	Q6T6C2
Q867W1	Q867W1
Q8HYA9	Q8HYA9
Q90WJ9	Q90WJ9
Q90WJ9	Q90WJ7
Q9UAH3	Q9UAH3
Q9UAH3	Q9TW98
Q9UAH3	Q9NL39
P04217	P04217
P04217	Q2KJF1
P05090	P05090
P05090	Q5ECE3
P05090	P09464
P05090	P27485
P05090	P02753
P05090	P04916
P05090	M5AXY1
P05090	P06912
P06681	P06681
P06681	P00751
P06727	P06727
P08236	P08236
P08603	P08603
P08603	Q28085
P09619	P09619
P13598	P13598
P13612	P13612
P13612	P26006
P13612	P23229
P13612	Q61738
P13612	Q13683
P13725	P13725
P13727	P13727
P15516	P15516
P15516	P15515
P17948	P17948
P17948	P22455
P17948	P35916
P22301	P22301
P22362	P22362
P23142	P23142
P23142	Q08879
P23142	P37889
P23142	Q9WVJ9
P23142	O95967
P23142	Q99435
P23515	P23515
P25942	P25942
P25942	O00300
P27797	P27797
P27797	P14211
P27797	P18418
P27797	P52193
P27797	P28491
P27797	P15253
P27797	Q9SLY8
P29460	P29460
P40967	P40967
P80370	P80370
P80748	P80748
P80748	P01714
P80748	P01715
P80748	P01717
P80748	P01718
P80748	P01699
P80748	P01700
P80748	P01701
P80748	P01721
P80748	P01704
P80748	P01705
P80748	P01706
P80748	P01709
P80748	P01703
P80748	P01633
P80748	P01597
P80748	P01593
P80748	P01594
P80748	P01619
P80748	P01602
P80748	P01599
P80748	P01611
P80748	P01624
P80748	P04430
P80748	P01639
P80748	P01634
P80748	P01615
P80748	P01614
P80748	P06312
P80748	P01661
P80748	P01658
P80748	P01764
P80748	P23083
P80748	P01742
P80748	P01780
P80748	P01768
P80748	P01772
P80748	P01763
P80748	P01743
P80748	P01762
P80748	P01766
P80748	P01767
P80748	P01782
P80748	P01795
P80748	P01822
P80748	P01825
P80748	P01824
P80748	P01817
P80748	P01814
P80748	P01729
P80748	P01724
Q13478	Q13478
Q15465	Q15465
Q15762	Q15762
Q6UX39	Q6UX39
Q6UX46	Q6UX46
Q6UXH1	Q6UXH1
Q6UXL0	Q6UXL0
Q7Z5A7	Q7Z5A7
Q86T13	Q86T13
Q86Y78	Q86Y78
Q86YT9	Q86YT9
Q8N4F0	Q8N4F0
Q8N6C8	Q8N6C8
Q8N6C8	P43626
Q8N6C8	Q61450
Q8NBJ9	Q8NBJ9
Q8NBL1	Q8NBL1
Q8NI17	Q8NI17
Q96HF1	Q96HF1
Q96HF1	Q8N474
Q9BZM5	Q9BZM5
Q9H9K5	Q9H9K5
Q9NPF0	Q9NPF0
Q9NPG1	Q9NPG1
Q9NR16	Q9NR16
Q9NYY1	Q9NYY1
Q9NYY1	Q9UHD0
Q9UKY0	Q9UKY0
Q9Y240	Q9Y240
Q9Y5U5	Q9Y5U5
Q9Y5U5	Q07011
Q9Y5U5	P20334
Q9Y5U5	Q92956
Q9Y5U5	O95407
P26842	P26842
P31358	P31358
P33681	P33681
P36980	P36980
P36980	P15529
P36980	P04003
P36980	Q60736
P36980	O02839
P36980	P08174
P36980	Q03472
P41271	P41271
P41271	O60565
P43307	P43307
P51654	P51654
P55058	P55058
P59665	P59665
Q02809	Q02809
Q02809	P24802
Q13007	Q13007
Q13421	Q13421
Q13433	Q13433
Q15399	Q15399
Q6UWI2	Q6UWI2
Q6UWL6	Q6UWL6
Q6UWN5	Q6UWN5
Q6X4U4	Q6X4U4
Q6X4U4	Q9BQB4
Q6ZSA7	Q6ZSA7
Q86Y34	Q86Y34
Q86Y34	Q9Y653
Q8NAC3	Q8NAC3
Q8NBK3	Q8NBK3
Q8WWA0	Q8WWA0
Q969J5	Q969J5
Q96DR8	Q96DR8
Q96DU3	Q96DU3
Q96DU3	Q9UIB8
Q99944	Q99944
Q9BZW8	Q9BZW8
Q9GZZ8	Q9GZZ8
Q9H1M4	Q9H1M4
Q9H7M9	Q9H7M9
Q9NR61	Q9NR61
Q9NZV1	Q9NZV1
Q9UBT3	Q9UBT3
Q9UBT3	O94907
Q9Y4X3	Q9Y4X3
O43852	O43852
O43852	Q62703
O43852	Q05186
O95813	O95813
O95866	O95866
P00533	P00533
P01189	P01189
P01833	P01833
P02652	P02652
P02790	P02790
P02790	P20058
P02790	P20059
P02790	P50828
Q76BW5	Q76BW5
Q76BW5	Q41638
Q76BW5	Q6YDN9
Q86IV5	Q86IV5
Q8WML4	Q8WML4
Q8WML4	P15941
Q99MA2	Q99MA2
Q9JI59	Q9JI59
Q9JI59	P57087
Q9JI59	Q9BX67
Q9JI59	Q9Y624
Q9R100	Q9R100
Q9SUQ8	Q9SUQ8
Q9V496	Q9V496
Q9VA83	Q9VA83
Q9VA83	A0A7E5WUT2
Q9VG55	Q9VG55
Q9VH14	Q9VH14
Q9VMD9	Q9VMD9
Q9Z0L3	Q9Z0L3
A0A7J6K7I9	A0A7J6K7I9
A0A7J6K7I9	A0A7J6K7Y0
C7G3K3	C7G3K3
D3GDK4	D3GDK4
O00092	O00092
O00092	O00100
O00092	P34752
O64411	O64411
O97939	O97939
P01269	P01269
P01269	P01270
P01269	P01268
P02779	P02779
P02779	P11684
P07981	P07981
P07981	P62694
P09479	P09479
P09479	P02708
P09479	P02710
P09479	P02712
P09479	P22770
P0C1B3	P0C1B3
P0C1B3	Q01117
P0C8G7	P0C8G7
P0CS93	P0CS93
P22412	P22412
P22412	P16444
P22412	P31429
P24021	P24021
P24021	Q9C9G4
P35495	P35495
P35495	P35496
P35495	P29392
P35495	P26776
P42292	P42292
P48819	P48819
P48819	P22458
P48819	P04004
P48819	P29788
P81702	P81702
Q09131	Q09131
Q09131	Q949Y3
Q09140	Q09140
Q09140	Q09332
Q09140	Q9JLA3
Q805F3	Q805F3
Q805F3	P14091
Q805F3	Q800A0
Q805F3	P0DJD7
Q805F3	P0DJD9
Q805F3	P0DJD8
Q805F3	P03954
Q805F3	P00791
Q805F3	P81497
Q805F3	Q9N2D4
Q805F3	Q9N2D3
Q805F3	P20142
Q805F3	Q9N2D2
Q805F3	P00794
Q805F3	P25796
Q805F3	P81498
Q805F3	P04073
Q805F3	P07267
Q805F3	P06281
Q805F3	P00797
Q8L5J1	Q8L5J1
Q8L5J1	Q4WBS1
Q8L5J1	O48540
Q8WZI8	Q8WZI8
Q95JC9	Q95JC9
Q9GQV7	Q9GQV7
Q9U572	Q9U572
Q9UAD0	Q9UAD0
Q9UAD0	P83400
Q9UAD0	P81761
Q9UVI4	Q9UVI4
P60153	P60153
Q5FWE3	Q5FWE3
O75711	O75711
P12872	P12872
P12872	P01307
Q6UWV2	Q6UWV2
Q6UWV2	P10522
Q8NBM8	Q8NBM8
Q8NBM8	F1N2K1
Q8TAL6	Q8TAL6
Q96S96	Q96S96
Q9BX93	Q9BX93
Q9HB40	Q9HB40
Q6UXK5	Q6UXK5
Q6UW32	Q6UW32
Q6UW32	Q6UXB1
Q6UX52	Q6UX52
Q96PL1	Q96PL1
Q96PL1	Q96QR1
Q9NRR1	Q9NRR1
Q9NTU7	Q9NTU7
Q9NTU7	Q6UW01
D4A540	D4A540
P80513	P80513
P80513	P55145
Q3UN54	Q3UN54
Q55GS3	Q55GS3
Q8LG54	Q8LG54
Q8LG54	Q9SJY7
Q8LG54	Q9ZT16
Q8LG54	Q9C5S0
Q8LG54	Q9M0S4
Q8S2W4	Q8S2W4
O48818	O48818
O70280	O70280
P07994	P07994
P21837	P21837
P21837	P04058
P21837	P07692
P21837	P06276
P21837	P19835
P21837	P23141
P21837	P16303
P21837	Q8VCT4
P21837	Q63010
P21837	Q8BK48
P21837	O00748
P21837	P10959
P21837	Q8I034
P21837	P12337
P21837	Q04791
P21837	Q8N0W4
P21837	P22394
P21837	P32947
P21837	P35501
P21837	P35502
P21837	Q04457
P21837	P12992
Q01460	Q01460
Q02862	Q02862
Q02862	P02663
Q0P569	Q0P569
Q4V645	Q4V645
Q61400	Q61400
Q61400	P40199
Q61400	P31809
Q61400	Q14002
Q8LD43	Q8LD43
Q8MI01	Q8MI01
Q9LJD9	Q9LJD9
Q9LJD9	Q9LVC0
Q9LJD9	Q9C8A4
Q9LJD9	Q9LYF6
Q9LJD9	Q9STQ3
Q9M373	Q9M373
Q9M373	O82337
Q9M373	Q9FK16
Q9M373	Q8L9T8
G3MYZ3	G3MYZ3
G3MYZ3	P02771
G3MYZ3	P43652
G3MYZ3	P02769
G3MYZ3	P02770
G3MYZ3	P19121
G5EC68	G5EC68
P02780	P02780
P02780	O75556
P04557	P04557
P04557	P02784
P04557	P80964
P04557	P81019
P06911	P06911
P06911	A2AJB7
P19035	P19035
P19035	P18659
P19035	P02656
P81264	P81264
Q27972	Q27972
Q53NL5	Q53NL5
Q53NL5	Q8L5C6
Q5PP12	Q5PP12
Q62632	Q62632
Q62632	Q12841
Q95121	Q95121
Q9C9H5	Q9C9H5
Q9C9H5	Q5NAT0
P00996	P00996
P00996	P00995
P00996	P09655
P00996	P09656
P00996	P20155
P00996	Q5DT21
P00996	P37109
P00996	Q8CEK3
P00996	Q6UWN8
P00996	P01001
P00996	P26461
P02783	P02783
P08541	P08541
P08541	P36511
P08541	Q64550
P19034	P19034
P19034	P02655
P19034	P18658
Q05443	Q05443
Q10E50	Q10E50
Q10NX8	Q10NX8
Q28862	Q28862
Q5JNJ5	Q5JNJ5
Q9TW32	Q9TW32
Q9TW32	P23284
Q9TW32	P52013
Q9TW32	P80311
Q9TW32	Q01490
O35806	O35806
O35806	P35555
P13204	P13204
P13204	P16860
P13204	P07634
P13204	P13205
P13204	P24259
P13204	P01161
P17690	P17690
P17690	P02749
P18892	P18892
P18892	O00478
P18892	Q6UX41
Q18184	Q18184
Q60GF7	Q60GF7
Q63191	Q63191
A0A2I6QB00	A0A2I6QB00
A0A2I6QB00	A0A2I6QAZ5
A1IKL2	A1IKL2
B0CPC6	B0CPC6
B0CPC6	A0A4P9I8G4
B4FZ87	B4FZ87
C0HL38	C0HL38
C4NZN9	C4NZN9
G1CWH6	G1CWH6
G1CWH6	C0HKG0
G1CWH6	G1CWH8
G1CWH6	G1CWH5
G1CWH6	G1CWH3
G1CWH6	P86841
G1CWH6	C0HKG1
G1CWH6	G1CWH1
G1CWH6	P62931
G1CWH6	P62928
O42720	O42720
O59896	O59896
O59896	Q55P57
O76942	O76942
O93233	O93233
O93233	C0STK7
O93233	P02750
O93233	P35859
O93233	P35858
P13917	P13917
P13917	Q8RVH5
P13917	Q42369
P13917	Q9FSH9
P18657	P18657
P18657	P02654
P18657	P56595
P23577	P23577
P23577	P36438
P24052	P24052
P24052	P21741
P24052	P63090
P24052	P21246
P24052	P21782
P24052	P32760
P24817	P24817
P24817	P21326
P24817	P33185
P24817	P09989
P24817	P16094
P24817	P24478
P24817	P98184
P24817	P56626
P24817	Q5F0I3
P24817	P33183
P24817	Q41358
P24817	Q9M653
P24817	P02879
P24817	Q9M6E9
P24817	P81446
P24817	P82683
P24817	P93543
P42705	P42705
P80022	P80022
P80022	P42813
P80022	Q7M438
P80022	P08056
P80022	P10281
P80022	P83618
P82358	P82358
P83313	P83313
P86407	P86407
P86798	P86798
P86798	P86797
Q00017	Q00017
Q12546	Q12546
Q5MJP5	Q5MJP5
Q6TPK4	Q6TPK4
Q76FB0	Q76FB0
Q7ZZN8	Q7ZZN8
Q7ZZN8	Q91055
Q7ZZN8	P54107
Q7ZZN8	Q6UWM5
Q7ZZN8	Q8JI39
Q7ZZN8	P84805
Q7ZZN8	Q7T1K6
Q7ZZN8	Q7ZT99
Q7ZZN8	Q7ZT98
Q7ZZN8	Q8JGT9
Q7ZZN8	F8S0Y4
Q7ZZN8	Q7ZZN9
Q7ZZN8	Q7ZTA0
Q7ZZN8	Q8JI40
Q7ZZN8	Q60477
Q7ZZN8	P04284
Q7ZZN8	P08299
Q7ZZN8	P0DPU1
Q7ZZN8	P0DPU0
Q7ZZN8	P0DPV2
Q7ZZN8	P35759
Q7ZZN8	P35778
Q7ZZN8	P0DPU2
Q7ZZN8	P86870
Q7ZZN8	P85840
Q7ZZN8	Q6UXB8
Q8NK90	Q8NK90
Q8NK90	P42254
Q8NK90	Q96X54
Q8NK90	U6A629
Q92154	Q92154
Q95NY5	Q95NY5
Q95NY5	Q5MIW7
Q9U943	Q9U943
C5P3X6	C5P3X6
G4V4F9	G4V4F9
O96910	O96910
P04119	P04119
P04119	P02756
P04119	P09466
P04119	P02754
P04119	P67976
P04119	P02755
P04119	P02758
P04119	P07380
P0C8E8	P0C8E8
P0DUT6	P0DUT6
P10257	P10257
P20013	P20013
P20013	Q02567
P20013	P19136
P20013	Q70LM3
P20013	P78733
P33559	P33559
P33559	P23360
P33559	Q8NJ73
P33559	Q2PGV8
P48747	P48747
P48747	P02748
P48816	P48816
P48816	P00701
P48816	P00702
P48816	P00698
P48816	P00703
P48816	P11941
P48816	P00705
P48816	P12068
P48816	P61626
P48816	P08905
P48816	P04421
P48816	P00697
P48816	P12069
P48816	P61629
P48816	P67977
P48816	Q7YT16
P48816	P18137
P48816	P00716
P48816	P09462
P48816	P00709
P48816	P00711
P48816	P00714
P48816	P00712
P48816	P00713
P48816	Q9TSN6
P56829	P56829
P56829	P01571
P56829	P32881
P56829	P01568
P56829	P01570
P56829	P05014
P56829	P01563
P56829	P01567
P56829	P01562
P56829	P01572
P56829	P01566
P56829	P01569
P56829	P05013
P56829	P05000
P56829	Q9P0W0
P59938	P59938
P59938	Q9BKB7
P59938	P13487
P59938	P45628
P59938	Q9NII6
P59938	C0HJQ8
P59938	Q9NII5
P59938	P84777
P59938	P0C908
P59938	C0HJQ4
P59938	B3EWY1
P59938	Q9NBG9
P59938	D3JXM1
P59938	P0C194
P59938	Q867F4
P59938	Q8I0L5
P59938	Q5K0E0
P59938	P45696
P59938	Q9NII7
P67876	P67876
P67876	P67875
P67876	P00655
P80060	P80060
P80060	O46162
P80060	Q8T0W2
P85213	P85213
P85261	P85261
P85261	P84527
Q07081	Q07081
Q17058	Q17058
Q39649	Q39649
Q41161	Q41161
Q41161	Q41162
Q41161	Q41159
Q41161	Q42372
Q41161	P02870
Q41161	Q70DJ5
Q41161	P0DKL3
Q41161	P16404
Q41161	Q39529
Q41161	Q39528
Q41161	P02866
Q41161	C0HK27
Q41161	P02872
Q41161	P02873
Q41161	P19329
Q41161	P16030
Q6GU94	Q6GU94
Q7M4T0	Q7M4T0
Q7M4T0	Q8J0I9
Q84V39	Q84V39
Q875I9	Q875I9
Q8I817	Q8I817
A0A0F7YZQ7	A0A0F7YZQ7
A0A2I8B346	A0A2I8B346
A0A2I8B346	A0A2I8B353
A0A2I8B346	A0A2I8B352
A1BQQ5	A1BQQ5
B0XRV0	B0XRV0
Q8W257	Q8W257
Q945U0	Q945U0
Q95P08	Q95P08
Q95P08	Q8IFJ8
Q9TRM8	Q9TRM8
Q9TRM8	Q14641
Q9TRM8	P22969
Q9TRM8	P01348
Q9TRM8	P51456
Q9TRM8	P04090
Q9TRM8	P01347
Q9U8X3	Q9U8X3
A0A0R4I951	A0A0R4I951
A0A0R4I951	I6RU32
A0A0R4I951	P0DPV3
A1X159	A1X159
A1X159	A1X158
B0FHH8	B0FHH8
B1P0S1	B1P0S1
B2KNH9	B2KNH9
B2KNH9	P83886
B2KNH9	Q6F495
B2KNH9	P19667
B2KNH9	Q43418
B2KNH9	Q39487
B2KNH9	B5LYJ9
E9NX73	E9NX73
E9NX73	Q2PS07
O18994	O18994
O46167	O46167
O46167	O46166
O46167	O46168
P00651	P00651
P00651	P00652
P00651	P10282
P01221	P01221
P01221	P07474
P01221	P01215
P01221	P01218
P01221	P01217
P04552	P04552
P0DQP8	P0DQP8
P0DQP8	A1XRN2
P0DQP8	Q8AYA2
P0DQP8	C0STK6
P15196	P15196
P15196	P04278
P18417	P18417
P20757	P20757
P20757	P01015
P20757	P01019
P29007	P29007
P29007	P63153
P29007	P08989
P29007	P63152
P29007	P01295
P30438	P30438
P32358	P32358
P32358	Q8MMG9
P42578	P42578
P62520	P62520
P84843	P84843
Q08127	Q08127
Q08127	P37240
Q08127	P08751
Q08127	P01229
Q08127	P0DN86
Q08127	P01231
Q08127	P04651
Q08127	P01232
Q08127	Q6IY74
Q08127	P01235
Q08127	P10256
Q08127	P53543
Q08127	P01224
Q08127	P01222
Q08127	P01223
Q08127	P01226
Q08127	P01225
Q08127	P01228
Q08127	P01227
Q16927	Q16927
Q3C258	Q3C258
Q42502	Q42502
Q42502	Q3YJT5
Q42502	P15478
D7UQ40	D7UQ40
F1AWB0	F1AWB0
F7J1C8	F7J1C8
G8YYA5	G8YYA5
G8YYA5	A0A0A1I6E7
G8YYA5	A0A0A1I6N9
G8YYA5	G8YYA6
G8YYA5	C7B247
I6S7G5	I6S7G5
O02826	O02826
O02826	P08118
O11780	O11780
O11780	Q15582
O62680	O62680
O62680	P13987
O62680	P27274
O62680	O77541
P01070	P01070
P01070	P13087
P01070	P10822
P01070	Q41015
P02659	P02659
P05790	P05790
P06205	P06205
P06205	P06207
P06205	P06206
P09791	P09791
P10762	P10762
P10968	P10968
P10968	P02876
P18709	P18709
P19400	P19400
P20740	P20740
P20740	P01023
P20740	Q63041
P20740	P28665
P22864	P22864
P22864	Q01172
P23502	P23502
P38660	P38660
P38660	Q15084
P42660	P42660
P80356	P80356
P80356	Q2A783
Q00870	Q00870
Q01682	Q01682
Q06K77	Q06K77
Q06K77	O96559
Q27085	Q27085
Q27085	Q27086
Q27085	Q94823
Q27085	P01011
Q27085	P05543
Q27085	P01008
Q27085	P41361
Q27085	P07093
Q27085	P08185
Q27085	P05545
Q27085	P07759
Q27085	Q9N2I2
Q27085	P05154
Q27085	Q9TTE1
Q27085	P31211
Q27085	P13909
Q27085	Q03044
Q27085	P01009
Q27085	P17475
Q27085	P23035
Q27085	P12725
Q27085	P38029
Q27085	P22325
Q27085	P22323
Q27085	Q9UK55
Q27085	P49182
Q27085	P05546
Q27085	Q61247
Q27085	P08697
Q27085	P28800
Q27085	Q7TMF5
Q27085	P50448
Q27085	P05155
Q27085	P22922
Q27085	Q90935
Q5B833	Q5B833
Q5BGU9	Q5BGU9
Q76CE8	Q76CE8
Q76CE8	C7F6X3
Q76CE8	Q76CE6
Q7M418	Q7M418
Q7M418	Q5KSB7
Q7M418	Q7M413
Q7M418	P11069
Q7M418	Q7M419
Q7Q7R8	Q7Q7R8
Q7Q7R8	Q8MP00
Q7YZS9	Q7YZS9
Q7YZS9	Q9U3Z3
Q8T0W8	Q8T0W8
Q8T0Y7	Q8T0Y7
B0JFB8	B0JFB8
E0XKJ8	E0XKJ8
I6S390	I6S390
O76537	O76537
O76537	Q9XTN0
O76537	Q9VYX7
O76537	Q765P3
O76537	Q765P4
O76537	Q9GK12
P00719	P00719
P02896	P02896
P03998	P03998
P03998	P02681
P0DPU3	P0DPU3
P0DUQ6	P0DUQ6
P0DUS7	P0DUS7
P0DUS7	P0DUS9
P11919	P11919
P11919	P25331
P15570	P15570
P18684	P18684
P20797	P20797
P20797	P18959
P20797	P34174
P20797	Q95VE9
P20797	Q95VF0
P20797	Q95VP3
P21814	P21814
P26202	P26202
P26202	P26203
P28770	P28770
P34951	P34951
P34951	P01086
P34951	P01088
P34951	P16159
P34951	P32936
P34951	P17314
P34951	P11643
P34951	P16850
P34951	P16851
P34951	P28041
P35777	P35777
P35777	P35775
P55847	P55847
P55847	P55320
P68248	P68248
P68248	P10082
P68248	P10631
P68248	P01303
P68248	P07808
P68248	P14765
P68248	Q9PW68
P68248	P01299
P68248	P01302
P68248	P13083
P69770	P69770
P80686	P80686
P81295	P81295
P81295	P02883
P81295	P14170
P81295	P12670
P81295	P25871
P81295	P50694
P81295	P83958
P81295	P81370
P81295	P33679
P81295	O80327
P81295	P31110
P81295	Q41350
P81511	P81511
P82103	P82103
P82103	P82102
P86009	P86009
P86009	P02752
P91745	P91745
Q03383	Q03383
Q25055	Q25055
Q25255	Q25255
Q27270	Q27270
Q39688	Q39688
Q42656	Q42656
Q42656	Q9FXT4
Q42656	P17050
Q42656	P28351
Q43413	Q43413
Q43413	C0HJZ1
Q43413	B3F051
Q43413	B5LZ79
Q43413	Q8H6Q0
Q43413	Q8GTM0
Q43413	Q8H6Q1
Q56S59	Q56S59
Q5D710	Q5D710
Q5G8A6	Q5G8A6
Q5G8A6	A9XE60
Q5G8A6	P56972
Q5G8A6	P0C2F4
Q5G8A6	Q0GY40
Q64HC7	Q64HC7
Q6F4C6	Q6F4C6
Q6T6C1	Q6T6C1
Q86R84	Q86R84
Q9NBW4	Q9NBW4
Q9NBW4	P15358
Q9ZT66	Q9ZT66
A0A1W6EVM7	A0A1W6EVM7
A0A1W6EVM7	A0A1W6EVN2
B9A8D7	B9A8D7
B9A8D7	Q30HU9
O00105	O00105
O14412	O14412
O62605	O62605
O62605	P04148
P01538	P01538
P01538	P01545
P01538	P01543
P04706	P04706
P07529	P07529
P07712	P07712
P0DL40	P0DL40
P0DPU8	P0DPU8
P0DQB8	P0DQB8
P0DQB8	P0DPV6
P0DQB8	A0A2L0ART2
P0DQB8	P0DPT6
P0DQB8	P0DPV5
P0DSJ6	P0DSJ6
P10675	P10675
P13691	P13691
P13691	P01083
P20462	P20462
P27275	P27275
P27275	Q5I2B2
P43077	P43077
P80961	P80961
P81999	P81999
P82143	P82143
P82143	Q78CF9
P82143	Q9PWI3
P82143	C0STK8
P82143	Q9PTC3
P82143	P0DQP7
P82143	Q9I8P7
P82143	Q9PWI4
P82143	O57690
P82143	P82144
P83234	P83234
P86929	P86929
Q00945	Q00945
Q00945	P01180
Q00945	P01185
Q00945	P01178
Q00945	P01175
Q00945	P01179
Q00945	P01183
Q00945	P01177
Q00945	P13389
Q02126	Q02126
Q02126	O22317
Q02126	P15737
Q02126	Q9M069
Q06KA2	Q06KA2
Q08738	Q08738
Q09117	Q09117
Q24824	Q24824
Q24824	Q07831
Q24824	P34095
Q24824	Q24825
Q25589	Q25589
Q25589	Q25154
Q25589	Q25588
Q25589	P14944
Q25589	P83636
Q29381	Q29381
Q4WZ11	Q4WZ11
Q8JFQ0	Q8JFQ0
Q8JFQ0	P58294
Q8JFQ0	Q9PW66
Q8JFQ0	Q5W280
Q8JFQ0	Q8JFE6
Q8JFQ0	Q9HC23
Q8JFQ0	Q6UWE3
Q8JFQ0	P42889
Q8JFQ0	P02703
Q8JFQ0	Q5D231
Q8MI35	Q8MI35
Q8MVA6	Q8MVA6
Q8T4J9	Q8T4J9
Q8T4J9	Q8MUC5
Q8T4J9	Q8T635
Q8T4J9	P85197
Q8T4J9	P85196
Q8WQK0	Q8WQK0
Q16568	Q16568
Q16627	Q16627
Q16627	O15467
Q16627	Q99616
Q16627	P80098
Q16627	O00175
Q16627	O00585
Q16627	P78556
Q16627	O89093
Q16627	P13500
Q16627	P97884
Q16627	P80325
Q16627	O00626
Q16627	P55774
Q16627	P10147
Q16627	P16619
Q16627	P50229
Q16627	P10855
Q16627	Q9UBD3
Q16627	P13501
Q16627	Q16663
Q16627	P55773
Q16627	Q9Y258
Q16627	Q92583
Q16627	P82943
Q5ZPR3	Q5ZPR3
Q6UW88	Q6UW88
Q6UX27	Q6UX27
Q6UXD5	Q6UXD5
Q6WN34	Q6WN34
Q86WA6	Q86WA6
Q86YD3	Q86YD3
Q86YL7	Q86YL7
Q8N126	Q8N126
Q8NBI3	Q8NBI3
Q92563	Q92563
Q969N2	Q969N2
Q96FE7	Q96FE7
Q9BQ51	Q9BQ51
Q9GZX6	Q9GZX6
Q9H293	Q9H293
Q9UBP4	Q9UBP4
Q9UK23	Q9UK23
Q9Y2I2	Q9Y2I2
Q9Y5Q6	Q9Y5Q6
Q9Y5Q6	Q8HY17
Q9Y5Q6	Q8WXF3
Q9Y6C2	Q9Y6C2
O14625	O14625
O14773	O14773
O15455	O15455
O60602	O60602
O60931	O60931
P01903	P01903
P01903	P01909
P01903	P01920
P01903	Q30154
P01903	P01911
P02462	P02462
P03971	P03971
P05067	P05067
P05164	P05164
P08833	P08833
P08833	P21743
P08833	P16611
P08833	P17936
P08833	P15473
P08833	P20959
P08833	P13384
P08833	P22692
P08833	P21744
P08833	P24854
P08833	P12843
P08833	P35572
P12273	P12273
P12318	P12318
P12318	P12314
P12318	Q7L513
P12318	P12319
P13385	P13385
P14384	P14384
P14384	P15169
P14770	P14770
P14770	P13224
P15289	P15289
P15289	P15589
P15289	P08842
P15309	P15309
P19801	P19801
P19876	P19876
P19876	P09341
P19876	Q10746
P19876	P10889
P19876	P14095
P19876	P30348
P19876	P10145
P19876	P19874
P19876	P26894
P19876	Q07325
P19876	P02778
P19876	P80221
P19876	P80162
P19876	P42830
P19876	P22952
P19876	P02776
P19876	P10720
P19876	P02775
P19876	P50228
P20160	P20160
P20160	P00750
P20160	Q04756
P20160	Q14520
P20160	P49862
P20160	P00747
P20160	P00748
P20160	P00749
P20160	P10144
P20160	P14210
P20160	Q6UWY2
P20160	P09871
P20160	P15156
P20160	P00736
P20160	P00760
P20160	P07477
P20160	P07478
P20160	P36368
P20160	P07288
P20160	P00757
P20160	Q9VB68
P20160	Q9JJS8
P20160	P48740
P20160	P00772
P20160	P00773
P20160	P06867
P20160	P06868
P20160	Q2VG86
P20160	Q966V2
P20160	Q27083
P20160	Q27081
P20160	P08001
P20160	Q9XXV0
P20160	P98140
P20160	P19007
P20160	P00738
P20160	P00739
P20160	P47796
P20774	P20774
C0HLA0	C0HLA0
K9N4Q4	K9N4Q4
P02230	P02230
P02230	P02229
P02230	P02221
P02230	P84296
P02230	P02224
P02230	P02226
P02230	P02223
P02230	P12548
P02230	P12549
P02230	P12550
P02230	P84298
P02230	P02222
P07439	P07439
P07439	Q8WPD0
P07439	Q02988
P07439	Q9BYZ8
P07439	P10758
P07439	P05451
P07439	P25031
P07439	Q6UW15
P07439	O09049
P07439	Q90WJ8
P07439	Q8AV98
P07439	P23807
P07439	Q56EB0
P07439	Q8JGT6
P07439	D1MGU1
P07439	Q9YI92
P07439	O93427
P07439	Q9I840
P07439	Q5FZI5
P07439	Q9DEA1
P07439	Q8JIW1
P07439	E2DQZ5
P07439	Q9YGN4
P07439	Q7T2Q0
P07439	Q6QX33
P07439	Q9YGP1
P07439	P83519
P07439	Q7T045
P07439	Q4PRD1
P07439	Q6TPH0
P07439	Q4PRD2
P07439	Q8AV97
P07439	W5XCJ6
P07439	D1MGU0
P07439	P23806
P07439	O93426
P07439	Q56EB1
P07439	Q7T2Q1
P07439	Q8JGT7
P07439	Q9IAM1
P07439	Q696W1
P07439	E2DQZ6
P07439	Q38L02
P07439	Q5FZI6
P07439	Q9YGN5
P07439	I7ICN3
P07439	Q9YGG9
P07439	W5XDM0
P07439	Q9DEA2
P07439	I7JUQ0
P07439	Q6X5T3
P07439	C6JUN9
P07457	P07457
P0C1X6	P0C1X6
P0DQE1	P0DQE1
P0DUS5	P0DUS5
P0DUT0	P0DUT0
P23438	P23438
P31608	P31608
P31608	P07479
P33577	P33577
P33577	P33575
P39037	P39037
P39037	P05814
P39037	Q9GKK3
P39037	P11839
P39037	P02666
P42256	P42256
P48842	P48842
P67788	P67788
P67788	P08379
P67788	P35807
P67788	P19872
P67788	P61855
P67788	B3EWG0
P67788	Q17128
P67788	P55319
P67788	P18829
P67788	C0HKR1
P80392	P80392
P80392	P01477
P80392	Q9PWF3
P80392	P24330
P80392	P80391
P81492	P81492
P81492	Q07558
P82187	P82187
P82187	P02670
P82187	P02668
P82187	P02669
Q01528	Q01528
Q09022	Q09022
Q27441	Q27441
Q40975	Q40975
Q43871	Q43871
Q43871	Q43767
Q43871	Q0IQK9
Q43871	P19656
Q43871	Q9XFS7
Q43871	A0AT32
Q43871	A0A161AT60
Q43871	A0AT29
Q43871	Q9ATH2
Q43871	A0A2J6KL39
Q43871	E6Y8S8
Q43871	P07597
Q43871	Q9SW93
Q43871	O04004
Q43871	P85204
Q43871	P10976
Q43871	P10975
Q43871	P82007
Q50KB1	Q50KB1
Q589G4	Q589G4
Q589G4	P0DMJ5
Q589G4	B2G331
Q589G4	G9I929
Q589G4	I2G9B4
Q589G4	B7S4N9
Q589G4	A8Y7P1
Q589G4	Q90WA1
Q589G4	P82966
Q589G4	P00991
Q589G4	P00992
Q589G4	P00987
Q589G4	P00989
Q589G4	C1IC52
Q589G4	C1IC53
Q589G4	B2KTG1
Q589G4	Q6T6T5
Q589G4	Q6T6S5
Q589G4	B6RLX2
Q589G4	C1IC50
Q589G4	Q7T2Q6
Q589G4	P0C1X2
Q589G4	Q29143
Q589G4	Q8T0W4
Q589G4	B1B5I8
Q5GQ85	Q5GQ85
Q70SU7	Q70SU7
Q70SU7	Q70SU8
Q7Z0T3	Q7Z0T3
Q8J0D2	Q8J0D2
Q95UE8	Q95UE8
A7VN15	A7VN15
A7VN15	A7VN13
A7VN15	A7VN14
G9M8X1	G9M8X1
O96059	O96059
O96059	P82818
P01076	P01076
P08375	P08375
P08375	P83403
P08375	P08376
P08375	L7VIN3
P08375	Q9Y0Y0
P08375	P82290
P08375	P82592
P08375	P81417
P08375	Q9Y0X9
P08375	Q963A9
P0DPU7	P0DPU7
P0DPU9	P0DPU9
P0DQC1	P0DQC1
P0DUS8	P0DUS8
P14217	P14217
P23044	P23044
P23044	P07982
P27613	P27613
P27613	P28316
P31419	P31419
P31419	P34170
P31419	Q95VP2
P31419	P34171
P31419	P31418
P35578	P35578
P55057	P55057
P81941	P81941
P81941	Q90ZY0
P81941	Q8UUG0
P81941	P0DUJ5
P81941	Q8UUG2
P83508	P83508
P83508	Q9D3H2
P83508	A2AEP0
P83508	Q99MG7
P83508	Q9QXU1
P83508	P08937
P83508	P09465
P83508	P15399
P83508	F0UZ12
Q06K61	Q06K61
Q06KA5	Q06KA5
Q29W25	Q29W25
Q53B52	Q53B52
Q53B52	Q53B47
Q53B52	Q9W7J5
Q53B52	Q53B58
Q53B52	P01398
Q53B52	P14612
Q53B52	Q8QGR0
Q53B52	P82935
Q53B52	C1IC49
Q53B52	A2CKF7
Q53B52	A2CKF6
Q53B52	Q9YGI4
Q53B52	P60615
Q53B52	P60616
Q53B52	Q7T3J2
Q53B52	B2BRQ5
Q53B52	O42257
Q53B52	P01384
Q53B52	P0DKR6
Q53B52	P60775
Q53B52	P60770
Q53B52	P80958
Q53B52	Q7T2I5
Q53B52	C1IC47
Q53B52	Q45Z11
Q53B52	Q90VW1
Q53B52	P10456
Q53B52	C1IC48
Q53B52	P10459
Q53B52	Q9PTT0
Q53B52	P01412
Q53B52	P10457
Q53B52	P25497
Q53B52	P60771
Q53B52	P01443
Q53B52	P01442
Q53B52	P60304
Q53B52	P80245
Q53B52	P60301
Q53B52	P60303
Q53B52	P60302
Q53B52	O73856
Q53B52	O73857
Q53B52	P18329
Q53B52	P01404
Q53B52	P62375
Q53B52	P01379
Q53B52	Q69CK0
Q53B52	Q9YGJ0
Q53B52	F5CPE2
Q53B52	P15818
Q53B52	P81783
Q53B52	C6JUP3
Q53B52	F5CPD5
Q53B52	K9MCH1
Q53B52	F5CPD8
Q53B52	F5CPE0
Q53B52	F5CPE4
Q53B52	P68416
Q53B52	P19959
Q53B52	Q5UFR8
Q53B52	Q53B59
Q53B52	P82662
Q53B52	Q9YGI0
Q53B52	F5CPD3
Q53B52	F5CPD6
Q53B52	F5CPE3
Q53B52	P0C552
Q53B52	P0C553
Q53B52	P0C554
Q53B52	P18328
Q53B52	C6JUP1
Q53B52	U3FAE1
Q53B52	C6JUP2
Q53B52	P58370
Q53B52	Q9PUB7
Q53B52	Q9PRI1
Q53B52	Q9PW19
Q53B52	Q8JFX7
Q8MUP7	Q8MUP7
Q9GSA4	Q9GSA4
Q9GSA4	Q26377
Q9GSA4	Q5DW47
Q9LLT1	Q9LLT1
Q9LLT1	P18632
Q9LLT1	P81294
W1I921	W1I921
P82384	P82384
P81827	P81827
P81827	P81828
P15450	P15450
P21978	P21978
P27919	P27919
Q8MMH0	Q8MMH0
Q8T0W1	Q8T0W1
Q8T0W3	Q8T0W3
Q8T113	Q8T113
Q8T113	P83632
A0A0F7YYX3	A0A0F7YYX3
P86872	P86872
Q7Z1K3	Q7Z1K3
B3STN7	B3STN7
O02380	O02380
O02380	P80384
O02380	Q965E2
O02380	Q00855
O02380	P49278
O76192	O76192
P43174	P43174
Q0ZS87	Q0ZS87
Q0ZS87	Q0ZSU5
Q0ZS87	Q06K97
Q0ZS87	Q0ZS88
Q0ZS87	Q5WPU9
Q0ZS87	Q06K53
Q0ZS87	Q07CZ7
Q9TT95	Q9TT95
B3STN5	B3STN5
E0X9F6	E0X9F6
P05560	P05560
P05560	P01005
P0DMD3	P0DMD3
P42579	P42579
Q00802	Q00802
Q39962	Q39962
Q7M3V1	Q7M3V1
Q8MMH5	Q8MMH5
I6RA76	I6RA76
I6RA76	I6S7I0
P91629	P91629
P91629	P91627
P91629	Q7JZV0
P91629	C0HL63
P91629	C0HL62
P91629	C0HL65
P91629	C0HL64
P91629	Q01774
